,Number of Tricycles,Number of Sectors,Intersection Algorithm,Number of Passengers,Total Trips Completed,Completion Rate,Average Wait Time,Average Travel Time,Total Distance,Productive Distance,Efficiency Percentage
0,5,8,basic,599,309,51.58597662771286,1035.0064724919093,119.53398058252426,191.30733958116744,150.9477532373138,78.90327342787077
1,15,6,basic,558,386,69.17562724014337,557.9740932642487,123.78756476683938,569.350553473463,224.57180927312092,39.443504165064105
2,20,8,smart,557,437,78.45601436265709,347.94050343249427,127.03661327231121,758.312006442745,280.38052918170195,36.97429643728997
3,10,8,smart,563,400,71.04795737122558,665.845,122.255,381.3561305815013,217.4724220292751,57.026072112087924
4,20,4,smart,575,467,81.21739130434783,382.1070663811563,133.6680942184154,759.7894658775468,310.28803345693524,40.83868589814636
5,10,4,smart,564,396,70.2127659574468,587.5353535353536,127.88383838383838,381.0754462128851,219.03230043806246,57.47741099952728
6,15,8,smart,577,446,77.29636048526864,451.8856502242152,119.88340807174887,570.207269612229,254.5680672420727,44.644830188712326
7,15,6,basic,532,402,75.56390977443608,613.6666666666666,127.80845771144278,569.1613444199315,234.84994828448453,41.26245581977023
8,15,8,smart,567,464,81.83421516754849,468.7866379310345,124.67025862068965,570.452156073485,267.6887896543775,46.92572143068457
9,20,4,basic,577,451,78.16291161178509,362.52993348115297,126.87583148558758,758.8525069653682,279.09214148965066,36.778180071610095
10,20,8,smart,590,481,81.52542372881356,433.995841995842,126.25987525987526,759.1978209107881,298.5285522095218,39.32157653605823
11,5,4,basic,559,276,49.37388193202147,913.7789855072464,121.58333333333333,191.3927162206822,141.43473634267323,73.8976587696233
12,15,4,basic,536,427,79.66417910447761,534.1850117096019,130.5152224824356,570.3325197422513,257.1736528623691,45.09187955450846
13,10,6,basic,565,358,63.36283185840708,710.1536312849162,119.03351955307262,380.83292278918384,195.16571774436187,51.2470708453951
14,10,6,basic,535,365,68.22429906542055,642.9890410958905,118.98082191780821,380.81443114342824,203.59112553533353,53.4620300297007
15,10,8,basic,557,364,65.35008976660683,545.0494505494505,116.08516483516483,380.7653855969224,205.1285842449888,53.87269746786741
16,5,4,smart,559,280,50.089445438282645,1035.392857142857,123.67857142857143,191.72639722254198,144.59373702023004,75.4167079311443
17,5,6,basic,585,294,50.256410256410255,1052.5272108843537,123.36734693877551,191.09586342664505,139.53558116915138,73.01862984737718
18,20,8,smart,497,428,86.11670020120724,322.00233644859816,128.56542056074767,758.4639044018154,270.7705271274539,35.69985671777023
19,15,6,basic,541,399,73.75231053604436,454.859649122807,119.56641604010025,569.7600501770055,234.5523917300367,41.16687220474112
20,10,4,basic,541,353,65.24953789279112,583.9773371104816,123.25495750708215,380.7700661684376,200.92246094735108,52.767399225776046
21,20,8,smart,569,492,86.46748681898066,323.390243902439,122.85365853658537,758.5933372106233,291.7168479202127,38.45497101159188
22,10,4,smart,551,362,65.69872958257713,568.560773480663,122.7513812154696,381.4055813336736,208.56878551435037,54.684251023553706
23,20,6,smart,542,447,82.47232472324724,413.09843400447426,132.3288590604027,758.2357336926743,280.1008958587667,36.941136300006704
24,20,6,smart,527,433,82.16318785578748,335.7990762124711,130.5080831408776,759.2956483321046,284.6009823537704,37.48223540842554
25,5,4,smart,555,290,52.25225225225225,1012.4413793103448,120.95172413793104,191.30116962558125,140.2305714811627,73.30356199892817
26,20,4,smart,586,485,82.76450511945393,379.76701030927836,128.52989690721648,759.4059828747651,303.1804359353092,39.9233667856561
27,20,4,basic,564,459,81.38297872340425,335.1938997821351,125.47712418300654,759.2787834561561,293.6263069074324,38.67173866901387
28,10,4,basic,543,375,69.06077348066299,651.2693333333333,126.57066666666667,381.8526846166875,224.45818109866508,58.78135473212173
29,20,4,basic,574,473,82.40418118466899,458.32346723044395,129.31712473572938,758.6776765832112,290.9471435912946,38.34924271155667
30,10,6,basic,545,333,61.100917431192656,671.1531531531532,111.54954954954955,379.85473830450604,175.7433254283987,46.265929500533474
31,10,8,basic,561,362,64.52762923351159,512.732044198895,113.72099447513813,381.28530774834167,201.10492678842152,52.74394861318813
32,20,8,basic,557,439,78.81508078994614,332.84738041002277,124.04100227790433,757.9816976822407,270.60339670314556,35.70051856536875
33,20,4,basic,557,452,81.14901256732495,407.07300884955754,126.85176991150442,758.8972456591146,285.8446375313043,37.66578929707981
34,5,6,basic,509,263,51.66994106090373,1004.2889733840304,119.15209125475285,191.2278040076987,135.64675985725037,70.9346428784955
35,15,4,smart,588,447,76.0204081632653,481.5257270693512,124.834451901566,570.693649621752,262.7657027466663,46.04321476519388
36,5,4,smart,571,277,48.51138353765324,936.2418772563177,119.92779783393502,191.5466753456831,142.2835924453568,74.2814210628185
37,5,8,smart,557,279,50.08976660682226,906.8243727598566,114.8673835125448,191.45392403929466,141.35372346056477,73.83171913026597
38,5,6,smart,509,258,50.687622789783894,1035.5697674418604,121.2751937984496,191.20540885677684,126.92244000675558,66.38015146413946
39,20,8,smart,560,440,78.57142857142857,346.38863636363635,132.16590909090908,758.5275591084526,277.65121791688784,36.60397233862269
40,5,8,basic,585,292,49.914529914529915,1188.7534246575342,118.70890410958904,191.41092609025378,143.00685722233396,74.71196140334413
41,15,4,smart,556,434,78.05755395683454,431.4377880184332,129.09677419354838,571.2230899389351,269.76115500706265,47.225183953243324
42,10,8,basic,586,382,65.18771331058021,675.8376963350786,119.43193717277487,381.17990444365995,214.77197368060678,56.343991689192265
43,5,6,smart,548,286,52.18978102189781,943.3216783216783,119.13636363636364,191.51812753135363,147.34822011707635,76.93695736083981
44,10,6,smart,543,398,73.29650092081032,680.6155778894472,130.91206030150755,381.6032487625743,228.61523029560317,59.90914150677026
45,20,6,smart,565,443,78.40707964601769,292.3544018058691,123.83521444695259,758.528753479764,273.35064665756585,36.03695250886205
46,10,6,basic,531,355,66.85499058380414,597.574647887324,118.4112676056338,380.98791453763914,203.4161024013057,53.39174672985841
47,5,6,smart,546,291,53.2967032967033,1098.4329896907216,116.34364261168385,191.42238508365588,139.69486234072616,72.97728647549573
48,5,4,basic,568,282,49.647887323943664,851.7056737588653,120.0354609929078,192.01060980683286,151.99091756717013,79.15756203267962
49,15,8,smart,588,455,77.38095238095238,463.1164835164835,123.94505494505495,570.7258327592297,258.6295677216527,45.31590351733035
50,5,4,basic,554,269,48.55595667870036,1024.985130111524,127.07434944237919,191.0680607618259,137.89666917287698,72.17149146909006
51,5,6,basic,546,259,47.43589743589743,930.992277992278,132.5057915057915,191.23753780911264,134.49153405805626,70.32695337894462
52,5,6,smart,531,276,51.9774011299435,940.5289855072464,121.97101449275362,191.4023769669172,140.1770409922747,73.23683394825525
53,20,4,basic,575,461,80.17391304347827,427.5943600867679,133.3058568329718,759.1062486690281,304.3632992987154,40.094953747564055
54,10,6,smart,512,367,71.6796875,639.8910081743869,119.07901907356948,380.9629086588897,205.1976109377396,53.86288435798128
55,15,4,basic,608,444,73.02631578947368,484.3288288288288,125.65765765765765,570.2795505865347,263.2967899479959,46.16977580156857
56,5,4,basic,561,260,46.3458110516934,949.7653846153846,129.63846153846154,191.27508362159347,138.52415797670702,72.42143375597966
57,10,4,smart,565,387,68.49557522123894,607.7984496124031,124.52454780361757,381.6731259877988,222.3054810339475,58.24499182608264
58,20,4,smart,572,460,80.41958041958041,363.2,128.5391304347826,760.08063790244,295.67926856131817,38.90103941830314
59,20,8,basic,546,446,81.68498168498168,429.2130044843049,127.05156950672645,758.0137893986027,272.4410251891875,35.94143391577854
60,10,6,basic,583,380,65.18010291595198,645.2973684210526,124.92368421052632,381.1261189700347,213.87110208801062,56.11557210142971
61,15,6,basic,556,400,71.94244604316546,483.9875,123.4225,569.4878521020319,237.09564953009726,41.63313557171685
62,20,4,basic,563,455,80.81705150976909,336.50989010989014,127.62417582417582,757.7717994126142,278.5459967867429,36.758559371390895
63,10,4,basic,551,361,65.51724137931035,652.3157894736842,122.77562326869806,381.3235081148489,205.75760445453847,53.9588040275155
64,10,8,smart,557,362,64.99102333931778,557.5994475138122,117.96132596685082,381.3074056735515,211.44575401100113,55.452831721822385
65,20,8,smart,589,490,83.1918505942275,385.73061224489794,128.71020408163264,759.2191776505211,303.1311461325979,39.926697725242825
66,10,4,basic,564,394,69.8581560283688,597.3121827411168,129.16497461928935,381.53886908906264,225.34808393212185,59.06294277963037
67,20,4,smart,557,458,82.2262118491921,396.50218340611355,128.69650655021834,759.8611934680654,292.44732086023515,38.48693990088939
68,15,6,basic,563,419,74.42273534635879,527.928400954654,124.68496420047732,569.6631763341309,240.10720889642175,42.14897835621887
69,5,8,basic,564,284,50.35460992907801,1000.0669014084507,128.10211267605635,191.3168427960756,146.3432220864732,76.49259727877711
70,10,4,basic,571,374,65.49912434325745,545.3475935828877,120.06417112299465,381.3587254097314,212.06235021081852,55.607053433215405
71,5,4,smart,589,279,47.368421052631575,1055.4444444444443,133.90322580645162,191.3341736706875,145.92583939061495,76.26752534117269
72,15,8,smart,582,473,81.27147766323024,484.6553911205074,120.83509513742072,570.9408263670415,273.29434613350884,47.86736794993458
73,15,6,smart,558,422,75.62724014336918,627.2322274881517,137.978672985782,570.2731791892055,250.00075643298874,43.83877158459934
74,20,6,smart,525,422,80.38095238095238,293.7843601895735,125.84123222748815,758.4738955363553,262.9427416455212,34.667342303136365
75,5,6,basic,576,264,45.83333333333333,917.0378787878788,121.89393939393939,190.9283007729284,131.2081138304609,68.72114469111999
76,5,6,smart,530,278,52.45283018867924,1025.363309352518,132.76258992805757,191.34488824403837,136.6769974668684,71.42965705598186
77,10,4,basic,568,371,65.3169014084507,654.5929919137467,118.91374663072776,380.77376881925534,205.04624052762748,53.84988602640804
78,20,4,smart,556,469,84.35251798561151,307.52452025586354,129.9189765458422,759.2953923982533,296.41588744150494,39.03828344134527
79,10,4,basic,553,376,67.99276672694394,741.2340425531914,122.8936170212766,381.39493745191277,207.25294751096425,54.340770461090656
80,10,4,basic,561,369,65.77540106951871,674.8509485094851,121.29539295392954,381.3586728439259,208.8038767449147,54.75262308518924
81,15,4,smart,572,445,77.7972027972028,480.9573033707865,126.99101123595506,571.3552024514976,273.08300240861263,47.795662179481894
82,10,8,basic,597,411,68.84422110552764,591.6861313868613,117.60097323600974,381.31376502649925,226.2760758380607,59.34117689728189
83,20,6,basic,541,417,77.07948243992607,445.93764988009593,126.30935251798562,757.4133235615614,251.79647214787232,33.24426232217008
84,15,6,basic,545,407,74.6788990825688,411.987714987715,121.01474201474201,568.8306636597165,236.8971466240795,41.64633901765097
85,10,6,smart,546,369,67.58241758241759,578.1490514905149,123.36585365853658,381.28696461041443,205.05613129921664,53.780000454181746
86,15,4,basic,559,426,76.20751341681574,487.09154929577466,128.481220657277,570.575505547171,261.13268750601907,45.7665435980463
87,15,6,smart,557,439,78.81508078994614,490.76993166287014,128.95671981776766,570.132167388677,263.36647127689156,46.19393297578075
88,5,6,basic,546,268,49.08424908424908,951.8097014925373,120.09701492537313,191.3542126118787,136.01723921425253,71.08139264753714
89,10,6,basic,528,365,69.12878787878788,643.5643835616438,122.26027397260275,381.26772692626736,200.31245033052534,52.53852770215281
90,20,6,basic,502,414,82.47011952191235,386.1183574879227,127.55797101449275,757.7142128671869,258.114614272761,34.06490334872518
91,10,8,basic,594,375,63.13131313131313,576.2053333333333,115.744,381.09327602834435,205.7619867279707,53.99255239356857
92,5,8,basic,596,286,47.98657718120805,1097.055944055944,123.31818181818181,191.4995017820464,142.4786372234677,74.40157070780717
93,5,8,basic,557,273,49.012567324955114,912.0952380952381,114.05860805860806,191.2724333073602,136.7586234423357,71.49939020359251
94,5,6,smart,546,266,48.717948717948715,1076.1203007518798,130.21052631578948,191.12773710440896,135.7267756802683,71.01364654682418
95,20,4,basic,502,409,81.47410358565737,418.97799511002444,128.31784841075793,757.9708948613536,255.09561119147452,33.655066826561466
96,15,6,basic,544,416,76.47058823529412,498.0048076923077,123.46634615384616,568.6923809417814,236.47576663967945,41.58236940823164
97,10,8,smart,586,388,66.21160409556313,648.0,117.79381443298969,381.4356917897644,217.86557058410523,57.1172481426269
98,5,4,basic,571,261,45.709281961471106,999.4291187739464,125.40229885057471,191.17952940582387,139.17667255510176,72.7989408634155
99,20,6,smart,556,460,82.73381294964028,445.7130434782609,134.7391304347826,759.2722564183023,289.55093370113315,38.135323825346276
100,15,6,basic,557,406,72.89048473967684,435.3374384236453,120.79556650246306,569.1152568034265,236.90772035317636,41.627371173253344
101,20,4,basic,537,429,79.88826815642457,437.8065268065268,126.41025641025641,758.4294957406682,264.5635599713163,34.88307897531707
102,15,6,basic,526,369,70.15209125475285,413.3089430894309,122.54471544715447,568.8625119516091,218.6711266326576,38.440066279364714
103,5,4,smart,580,290,50.0,1009.4206896551724,123.5551724137931,191.77170965842834,145.82912071690484,76.04308319336907
104,5,4,smart,564,288,51.06382978723404,1081.1284722222222,128.44444444444446,191.17925461766126,142.65742383490036,74.61971965535719
105,20,8,smart,560,463,82.67857142857142,378.6868250539957,122.47516198704103,759.1460154391731,282.643859188483,37.231817521293436
106,20,4,basic,568,458,80.63380281690141,365.18995633187774,131.20305676855895,758.9718670456161,294.078881015012,38.74700681064073
107,10,8,smart,561,392,69.87522281639929,620.8112244897959,125.78316326530613,381.2322074593508,216.3916148633828,56.76110533931102
108,20,8,basic,560,469,83.75,351.8528784648188,120.73773987206823,757.9804198160489,282.19945387755683,37.23044111694107
109,5,8,basic,550,272,49.45454545454545,911.0698529411765,108.98529411764706,191.430115445813,134.78033879917348,70.40707178454633
110,5,4,smart,554,279,50.361010830324915,1079.799283154122,127.65232974910394,191.26420944352145,139.0390717211187,72.69476716299901
111,5,8,smart,565,266,47.07964601769912,1050.0413533834587,113.95864661654136,191.07766508798568,135.23434068183136,70.77454113726996
112,10,8,smart,567,399,70.37037037037037,554.9348370927319,122.86466165413533,381.6171409093074,224.95249797572237,58.94716821149893
113,5,6,basic,548,289,52.737226277372265,1009.19723183391,124.82698961937716,191.3990723562349,144.5894858351875,75.54346217837218
114,10,8,smart,537,381,70.94972067039106,711.6771653543307,127.03412073490814,381.42593627558506,217.1356609754817,56.92734560625119
115,10,8,smart,578,422,73.01038062283737,572.1587677725119,122.24881516587678,381.6727655116093,231.07366414007836,60.54235067842424
116,5,6,smart,568,289,50.88028169014085,1040.847750865052,123.03806228373702,191.1937479738911,137.40411338029705,71.86642598745466
117,10,6,smart,545,364,66.78899082568807,665.1346153846154,113.50824175824175,380.61474329838774,192.6546582686901,50.616709326379414
118,5,4,smart,553,270,48.824593128390596,1176.4851851851852,127.24444444444444,191.61535441401728,141.12705033777814,73.65122214206767
119,15,4,basic,557,427,76.66068222621185,456.26932084309135,126.1592505854801,570.0192703953725,250.41955290856234,43.93176966365859
120,10,8,basic,563,379,67.31793960923623,635.1767810026386,118.00263852242745,381.1912946347368,205.93142780213992,54.023119284365215
121,5,4,basic,539,263,48.79406307977737,1000.277566539924,124.60456273764258,191.4069284504995,133.86206212478643,69.93584987149775
122,5,6,basic,547,272,49.725776965265084,1031.3235294117646,121.7279411764706,191.5591257388809,138.33493205591546,72.21526592498824
123,5,8,smart,565,276,48.849557522123895,928.9347826086956,111.31159420289855,191.03445294701498,133.40082979888348,69.83077017834229
124,15,8,smart,563,442,78.50799289520425,451.2126696832579,123.47511312217195,570.8453025489758,258.74695011903145,45.32698245280423
125,20,4,smart,577,469,81.28249566724438,383.19189765458424,129.08955223880596,759.6899096359408,298.3297173565354,39.269932846613855
126,5,4,smart,568,285,50.176056338028175,1001.3859649122807,123.74385964912281,191.49342760023487,146.758480141694,76.63891235372823
127,10,4,basic,590,379,64.23728813559322,660.6279683377309,121.43007915567283,381.58566142260213,212.53448015909936,55.69771132561494
128,10,8,smart,603,413,68.49087893864014,683.547215496368,116.23002421307505,381.3303480940653,222.18539294991172,58.265856378969275
129,20,4,smart,575,478,83.1304347826087,370.4686192468619,127.86610878661088,759.5660208800476,307.47934441748464,40.48092410205939
130,15,4,smart,565,452,80.0,492.6637168141593,135.56858407079645,570.8867233797635,270.16891950588524,47.32443555639747
131,15,4,smart,579,459,79.27461139896373,471.7276688453159,129.18082788671023,571.3917442574178,277.54100069314904,48.57280551959008
132,10,8,smart,565,385,68.14159292035397,616.0675324675325,117.73766233766234,381.09729169886293,211.3455793353126,55.45711920259841
133,15,4,smart,608,468,76.97368421052632,475.5149572649573,127.69017094017094,570.8117913142029,278.7727828207888,48.83795097837048
134,10,8,smart,549,371,67.57741347905282,590.3827493261456,121.47169811320755,381.3598422654121,212.45366028319114,55.709499726332325
135,20,4,basic,544,431,79.22794117647058,396.7819025522042,132.6264501160093,758.1713764044806,277.5788603300897,36.611624887036456
136,10,6,smart,538,379,70.4460966542751,608.2849604221636,127.07387862796834,380.99764100536976,209.36681714921116,54.95226075330486
137,5,8,basic,577,295,51.12651646447141,940.1084745762712,121.93898305084745,191.64767352103186,146.33037745582047,76.35385014979681
138,20,6,basic,563,438,77.797513321492,456.2716894977169,123.94063926940639,757.8609550989689,261.4617017627868,34.499956753761325
139,15,4,basic,506,382,75.49407114624506,526.0287958115183,126.8586387434555,570.0200174074809,235.7583023242541,41.35965319191965
140,5,6,basic,531,288,54.23728813559322,914.0659722222222,124.59722222222223,191.14119987156778,138.5564978956936,72.48908031800205
141,20,4,smart,502,411,81.87250996015936,366.8540145985401,127.18978102189782,758.9265915586803,265.9390037599272,35.041466028188935
142,15,6,smart,586,434,74.06143344709898,407.08294930875576,120.6589861751152,570.1436214054648,257.0523219501125,45.085538502816384
143,10,6,smart,544,374,68.75,674.0802139037434,128.30213903743316,381.37428496079997,216.6952531033516,56.81957637118216
144,15,4,basic,556,422,75.89928057553958,486.16824644549763,128.48104265402844,570.1187466418666,252.11519979596534,44.221524249287214
145,10,4,basic,576,380,65.97222222222221,621.6921052631579,119.91052631578947,381.4140531821518,213.0305666586431,55.85283627630421
146,20,4,smart,557,449,80.61041292639139,363.08240534521155,132.75723830734967,759.1910356165665,292.7125197236621,38.555845102404255
147,5,4,basic,537,267,49.72067039106145,1001.87265917603,128.47191011235955,191.60646125395766,145.8093224539414,76.0983327491675
148,15,4,basic,565,421,74.51327433628319,532.3919239904989,130.3729216152019,570.1578142906064,256.6026742561934,45.00555246716383
149,10,6,smart,521,386,74.08829174664108,707.2849740932643,127.11398963730569,381.97273477089385,219.80333125751983,57.54424629008068
150,10,8,basic,588,405,68.87755102040816,642.9802469135802,117.31358024691357,381.2687697794814,215.0183291784647,56.395473802595276
151,20,4,smart,571,472,82.66199649737302,425.52542372881356,131.3177966101695,759.538111941286,302.4436174129172,39.81941296400631
152,15,8,basic,593,439,74.03035413153457,468.31890660592256,120.9886104783599,570.1451495624948,252.90390895001926,44.35781118967459
153,15,4,smart,536,435,81.15671641791045,615.383908045977,131.91494252873562,570.6335965481497,258.34196423411476,45.272827572169774
154,20,4,basic,532,445,83.64661654135338,376.3820224719101,127.82247191011236,758.3615635042717,283.898981416669,37.43583470987317
155,15,6,basic,529,403,76.18147448015122,435.9454094292804,124.82630272952854,569.5769633481465,245.39651323417783,43.083995495825974
156,5,6,smart,540,274,50.74074074074074,936.6751824817518,124.6094890510949,191.37009274409328,139.86264208207936,73.08490061145999
157,5,8,smart,561,296,52.76292335115864,920.8074324324324,117.37837837837837,191.52197272740176,147.63286272710846,77.08403407959786
158,15,8,basic,578,423,73.1833910034602,471.0661938534279,116.89834515366431,569.0054721657532,228.82820036918756,40.21546567877807
159,5,4,basic,603,295,48.92205638474295,1039.7525423728814,121.03728813559322,191.37715853263234,148.74888939627718,77.7255188324439
160,15,6,smart,505,411,81.38613861386138,495.25790754257906,129.11435523114355,570.3963201571803,249.60786001517707,43.76042607469738
161,15,4,smart,564,445,78.90070921985816,469.99101123595506,125.05393258426966,571.0037478828456,276.4255381493649,48.41045950648995
162,20,4,smart,563,469,83.30373001776199,331.3880597014925,134.45628997867803,759.4859303382165,297.5695286199185,39.18038725054511
163,15,8,basic,568,415,73.06338028169014,472.2289156626506,120.19518072289156,569.5399676008562,246.86761677431733,43.345090918593186
164,5,8,smart,595,301,50.588235294117645,978.6777408637873,119.3421926910299,191.2762387139888,148.54641820355272,77.66067505419267
165,10,6,smart,546,376,68.86446886446886,614.9441489361702,122.94680851063829,381.2825037952408,208.55924656980451,54.699401229752354
166,5,8,smart,599,312,52.08681135225376,1012.0801282051282,122.25320512820512,191.3626148460201,150.79934332485345,78.80292785829359
167,20,6,basic,543,417,76.79558011049724,364.8393285371703,125.47242206235012,757.1494854825712,251.19833261969706,33.176847826766355
168,5,6,basic,545,275,50.45871559633027,984.709090909091,128.41454545454545,191.04773110367816,134.08104990537302,70.18196402060889
169,5,4,smart,539,267,49.53617810760667,989.6928838951311,124.79775280898876,191.3649757505925,135.031312583116,70.56218728295579
170,5,8,basic,565,283,50.08849557522124,894.148409893993,114.41696113074205,191.12682830918925,140.82304814241016,73.680419116566
171,15,6,basic,553,415,75.04520795660035,495.8963855421687,128.45301204819276,570.619728381895,258.9051452159042,45.37262424313315
172,10,6,smart,559,367,65.65295169946333,690.3269754768393,123.02452316076294,381.12120834950747,207.2697374354483,54.38420452460663
173,15,6,smart,556,426,76.61870503597122,485.28403755868544,125.45539906103286,570.1376914378336,257.443288775135,45.154581540800656
174,5,6,smart,532,269,50.56390977443609,882.4163568773234,124.94423791821562,191.28617465742084,137.2603707829607,71.75655586650929
175,5,6,basic,540,262,48.51851851851852,945.3854961832061,124.05343511450381,191.23205936042092,135.44473484732873,70.82742051742062
176,20,8,basic,560,432,77.14285714285715,395.025462962963,128.10416666666666,757.8430435675333,265.8899930217972,35.08510044113152
177,5,6,basic,530,265,50.0,944.4150943396227,129.37735849056602,191.2991994550997,136.98431886429466,71.60736649943304
178,15,8,basic,561,432,77.00534759358288,487.91898148148147,119.25,570.0665053664517,244.40607105599585,42.87325579651204
179,20,8,basic,574,463,80.66202090592334,441.08855291576674,123.61555075593952,758.5780659821294,284.1321930026975,37.45589356513125
180,5,6,smart,547,284,51.91956124314442,946.080985915493,127.74295774647888,191.56788874605718,143.67845634790618,75.00132579023547
181,10,6,smart,544,358,65.80882352941177,663.5055865921788,118.99720670391062,381.3524653930066,207.0853831925559,54.302883024275715
182,10,6,basic,564,368,65.24822695035462,650.4429347826087,115.83152173913044,380.4436015748477,196.94607462060503,51.76748243506949
183,15,6,smart,587,443,75.46848381601363,468.9119638826185,122.3273137697517,570.2018683919835,257.98606555458014,45.24468961880505
184,10,8,basic,603,381,63.18407960199005,662.6272965879265,116.71391076115485,381.4140365081462,210.89013417511023,55.291655258892405
185,15,4,smart,548,416,75.91240875912408,485.6442307692308,133.76682692307693,570.2268993150154,262.22808134579054,45.986620704984595
186,20,4,basic,566,434,76.67844522968198,387.71889400921657,132.64285714285714,758.844769701433,291.2280011456357,38.37780963558847
187,10,8,basic,549,380,69.2167577413479,584.3973684210526,115.76842105263158,380.41024654369244,203.3487090181102,53.45510823267332
188,20,6,smart,559,459,82.11091234347049,362.6884531590414,129.62091503267973,759.0667431375648,278.78267658673747,36.72703080553932
189,10,6,basic,565,388,68.67256637168143,634.4072164948453,122.29639175257732,381.41752121149705,220.0072329176626,57.68146995944321
190,5,6,smart,524,266,50.76335877862596,950.5526315789474,125.1842105263158,191.3559016222196,134.73234916055762,70.40929912187927
191,10,8,basic,574,398,69.33797909407666,623.1507537688442,112.7286432160804,380.8276550590148,209.97181395591437,55.13565287777647
192,15,8,smart,558,430,77.06093189964157,463.2,123.96279069767442,570.2569858209262,253.5202102258318,44.45718623873956
193,15,8,smart,547,416,76.05118829981718,468.15384615384613,124.61057692307692,569.8110705675023,252.28066426090885,44.274440650942495
194,20,4,smart,537,417,77.6536312849162,379.8465227817746,127.1462829736211,758.2403009288643,261.3969440944666,34.474155986466094
195,5,6,smart,546,272,49.81684981684982,1043.1948529411766,126.84191176470588,191.4972172207882,139.40722746648197,72.79856568659758
196,20,4,basic,598,467,78.09364548494983,449.11777301927197,124.96573875802999,758.5546466878003,286.8866889188141,37.820174218363015
197,15,6,basic,562,405,72.06405693950177,439.6469135802469,120.17283950617283,569.4308577796995,234.68448917419389,41.21386924643768
198,10,8,smart,556,389,69.96402877697841,673.452442159383,124.80462724935732,381.6539201477988,225.62347201273485,59.11729451786063
199,15,8,basic,573,413,72.07678883071553,410.8401937046005,118.818401937046,569.5248558849163,243.26632381968727,42.713908147468814
200,20,8,smart,571,470,82.31173380035027,349.86382978723407,125.82553191489362,758.8472227201239,291.8880041340254,38.46465999937892
201,10,4,smart,550,379,68.9090909090909,646.2559366754617,125.01055408970976,381.53360395361796,218.44955165910494,57.2556517683987
202,5,6,basic,568,284,50.0,1025.9647887323943,120.43661971830986,191.20847725790972,138.7005942925226,72.53893565892355
203,15,4,smart,553,399,72.15189873417721,377.82706766917295,126.52882205513785,570.414665646596,249.3537767927299,43.71447506702406
204,10,6,basic,567,345,60.84656084656085,632.4405797101449,111.59710144927536,380.26137995260206,178.17981422330325,46.85719445017335
205,15,4,basic,553,387,69.98191681735986,463.49612403100775,125.0,569.817915635824,241.0584943778752,42.304477932901285
206,10,4,smart,569,358,62.91739894551846,612.7374301675977,129.268156424581,381.3982252375317,216.64576710059214,56.80303492908676
207,20,6,basic,556,433,77.87769784172663,473.99538106235565,127.31870669745959,757.7387311541609,259.19117036941043,34.20587594547525
208,10,6,basic,568,376,66.19718309859155,568.3909574468086,118.76595744680851,380.8381514751459,207.27476965610472,54.42594678428162
209,5,6,basic,560,268,47.85714285714286,1026.0335820895523,119.66044776119404,191.3838099962313,134.92294763372658,70.49862140187484
210,15,4,basic,548,402,73.35766423357664,475.4228855721393,130.66915422885572,570.132769104189,254.99762109786317,44.72600680338436
211,10,8,basic,547,385,70.38391224862889,599.1688311688312,124.0961038961039,381.5190199729407,221.15602100599796,57.96723346104303
212,5,6,smart,548,279,50.912408759124084,888.68458781362,119.57347670250896,191.20680557467136,134.83996107567805,70.52048208766266
213,10,6,basic,563,348,61.811722912966246,718.8620689655172,126.14367816091954,380.56465108653015,198.6054838054282,52.18705500849858
214,15,6,basic,553,405,73.23688969258589,502.358024691358,124.01481481481481,569.5065922475602,240.7696921554877,42.27689291625038
215,10,8,basic,537,354,65.92178770949721,575.2146892655368,118.75141242937853,380.99215500091515,204.33406826907634,53.632093361236144
216,5,8,smart,558,283,50.7168458781362,958.660777385159,123.07773851590106,191.4202065700697,145.62302567292545,76.07505408245389
217,20,6,basic,557,435,78.09694793536805,431.8551724137931,133.08505747126438,757.9179272549434,269.1045894516766,35.50576913074613
218,10,6,smart,576,382,66.31944444444444,610.4921465968587,124.15968586387434,381.5739411257901,211.93703033431663,55.542847006014284
219,15,8,smart,595,471,79.15966386554622,400.2823779193206,120.4692144373673,570.286410844402,271.84273644775243,47.66775628499458
220,15,6,smart,560,425,75.89285714285714,465.94117647058823,126.17411764705882,570.6107154359781,255.32614280910042,44.74611778259669
221,20,6,basic,555,440,79.27927927927928,437.39772727272725,123.48863636363636,758.4715937663055,267.2688550255217,35.23782000830878
222,5,6,basic,570,281,49.29824561403508,941.1672597864768,117.45195729537366,191.22408927984083,142.2105806872732,74.36854907916944
223,15,6,smart,541,431,79.66728280961183,509.41299303944317,126.5986078886311,570.3456172644909,253.08892436965945,44.37465927826925
224,15,8,basic,577,443,76.77642980935875,438.04966139954854,121.23024830699774,569.971460503115,250.48214138377895,43.94643569744313
225,5,4,basic,556,268,48.201438848920866,1005.4664179104477,121.55970149253731,191.3831109203715,135.74222970427437,70.92696374903866
226,5,8,basic,558,269,48.2078853046595,914.553903345725,117.30111524163569,191.38057134903516,140.49430962100004,73.4109573561519
227,10,4,basic,569,352,61.86291739894551,554.0909090909091,129.27272727272728,380.9071361320766,209.7319194929238,55.06116835264564
228,15,6,basic,587,410,69.84667802385009,365.7390243902439,116.51219512195122,569.3458184987003,231.09215266582032,40.5890664614318
229,15,8,smart,572,447,78.14685314685315,424.7136465324385,118.07158836689038,570.5717307491703,257.11664067920475,45.06298276320249
230,15,8,basic,560,432,77.14285714285715,563.8078703703703,124.45833333333333,570.3133486172934,258.2671498493693,45.28513149403389
231,15,4,smart,532,402,75.56390977443608,475.863184079602,126.07462686567165,570.5820545391739,250.92790785850787,43.977532392105786
232,5,4,smart,542,265,48.8929889298893,863.2981132075472,117.58490566037736,191.10490478830812,135.39361956905773,70.8477993900977
233,15,8,basic,547,404,73.85740402193784,460.7029702970297,122.49752475247524,568.9890653661379,238.31151199130306,41.88332017205855
234,15,6,basic,505,374,74.05940594059406,479.1898395721925,121.8048128342246,569.0617227804838,225.86380329730406,39.69056330018375
235,10,4,basic,575,364,63.30434782608696,619.1483516483516,121.06318681318682,380.94070508923903,200.27652512083512,52.57419919825013
236,10,8,smart,547,403,73.6745886654479,638.258064516129,124.06451612903226,381.98512953630205,232.2507398027747,60.800989840810715
237,10,8,basic,556,388,69.7841726618705,594.8917525773196,126.01288659793815,381.31886122476067,225.33483299496652,59.09354503766533
238,10,8,smart,584,414,70.8904109589041,733.2004830917874,123.79468599033817,381.1220683295904,221.35739877088824,58.0804464409709
239,10,4,smart,574,387,67.42160278745645,650.7545219638243,124.33074935400516,381.9506943225292,222.9171476174649,58.36280727617367
240,5,4,smart,507,264,52.071005917159766,1064.5,120.68560606060606,191.28011481271656,135.1830710939723,70.67283038089496
241,15,4,basic,564,432,76.59574468085107,500.85185185185185,127.02083333333333,570.4488553025639,267.15337394421573,46.83213428529339
242,5,8,basic,531,257,48.39924670433145,951.6692607003891,114.82879377431907,191.05507291785614,132.11628216522072,69.15088939932203
243,5,4,basic,580,284,48.96551724137931,1025.2957746478874,123.06338028169014,191.57966123014737,143.80586649619323,75.06322204184148
244,15,8,smart,568,451,79.40140845070422,469.25942350332593,124.5609756097561,570.4267225973764,269.6644530517205,47.274162020992385
245,20,6,basic,541,435,80.40665434380776,418.64367816091954,128.68965517241378,757.7750716345473,266.483919130121,35.16662517748253
246,15,6,basic,560,410,73.21428571428571,426.99024390243903,125.50487804878048,570.2771525061089,244.11678599317045,42.80669231099092
247,15,6,basic,566,400,70.6713780918728,509.99,116.8625,569.1414069036649,221.15044267337197,38.856853497360234
248,5,6,basic,514,260,50.583657587548636,1002.1,120.47307692307692,191.30636905899874,139.69906768047295,73.02374111621441
249,15,4,smart,550,417,75.81818181818181,505.5011990407674,128.78177458033574,571.0542438403721,257.3733911338586,45.069867514337695
250,10,8,smart,597,409,68.50921273031825,533.8508557457212,118.47921760391198,381.4447096842552,228.97091788020654,60.02728890112006
251,5,6,smart,585,296,50.598290598290596,1054.706081081081,121.8141891891892,191.14294951138024,145.12253932305023,75.92356385314122
252,5,8,smart,616,284,46.103896103896105,977.0070422535211,114.8556338028169,191.13408641214116,140.63863321191363,73.58113659991315
253,20,4,smart,549,468,85.24590163934425,370.45940170940173,128.43803418803418,759.5406529255396,295.2262936712607,38.869057572380235
254,15,8,basic,582,455,78.1786941580756,450.96043956043957,120.34285714285714,570.2013289724526,259.77957158110473,45.55927150314571
255,10,4,basic,558,374,67.02508960573476,569.663101604278,119.52139037433155,381.3748749219191,210.84665201728782,55.28593147633429
256,20,6,smart,563,460,81.70515097690941,379.2717391304348,128.2413043478261,758.3215276315433,282.66298922607854,37.27482063036197
257,20,8,smart,581,473,81.41135972461274,389.19027484143766,123.35940803382664,758.723522403671,286.4287265333333,37.75139666500834
258,20,8,basic,560,456,81.42857142857143,394.9188596491228,120.45394736842105,758.174983788308,270.00254614493167,35.61216762861695
259,5,6,basic,547,261,47.714808043875685,986.4789272030652,122.48275862068965,191.29450276900565,130.0374081390502,67.97759802647053
260,15,4,basic,560,404,72.14285714285714,458.2004950495049,123.43316831683168,569.098495926225,236.77500454127815,41.60527680817705
261,10,4,basic,561,354,63.101604278074866,625.5310734463277,124.33333333333333,380.96284915857325,207.28674903574066,54.41127645217156
262,5,4,basic,507,256,50.4930966469428,1024.42578125,118.0234375,191.40055672891012,132.73920851955205,69.3515268649699
263,10,4,smart,578,390,67.47404844290658,635.1769230769231,128.77435897435896,382.0175554298152,231.70644349772448,60.65334961819416
264,15,6,basic,544,388,71.32352941176471,456.0257731958763,119.8659793814433,569.0305110876874,219.9529189934376,38.65397631719312
265,20,6,smart,545,435,79.81651376146789,419.75172413793103,129.53563218390804,758.8220928766068,281.87360790150893,37.14620469640765
266,10,4,smart,571,400,70.05253940455341,581.9975,126.215,381.7503940048183,225.15446792973302,58.979498506265124
267,15,8,smart,533,432,81.05065666041276,513.2523148148148,121.39351851851852,570.3898074683997,256.06154446902127,44.89237730342989
268,5,4,basic,561,281,50.08912655971479,1022.982206405694,122.06049822064057,191.19384171165737,144.13589327880612,75.38730954325395
269,20,6,smart,557,443,79.53321364452424,370.55981941309255,129.9255079006772,759.0363910462436,278.24751090878203,36.657993502162675
270,20,8,basic,534,431,80.71161048689139,353.262180974478,124.70069605568446,757.5899873699594,262.6651925870545,34.671154181818046
271,10,6,smart,536,378,70.52238805970148,679.6507936507936,127.60317460317461,381.7521665049338,220.2136054440063,57.684965473839746
272,20,4,basic,544,435,79.96323529411765,377.7011494252874,132.38390804597702,758.5063980629477,278.18704194372265,36.67563551924531
273,20,8,basic,572,461,80.5944055944056,354.2646420824295,121.67028199566161,758.7429828678833,277.06093532182103,36.515782231631455
274,10,4,basic,559,375,67.08407871198568,667.4666666666667,124.53866666666667,381.3581269077892,214.44143843754236,56.230986914143664
275,15,6,basic,565,415,73.45132743362832,401.39518072289155,124.02409638554217,570.0036589730342,244.71008058608274,42.93131749837759
276,10,8,basic,593,384,64.75548060708263,563.1458333333334,120.6640625,381.33891206614356,218.7260385319941,57.35738777532775
277,5,4,smart,603,294,48.756218905472636,1036.1156462585034,123.48639455782313,191.55522191003524,148.48871009457193,77.51744307148688
278,20,8,basic,567,459,80.95238095238095,393.6165577342048,123.00871459694989,758.3007748127827,282.3338875258095,37.23244086035848
279,20,6,basic,571,419,73.38003502626971,366.8568019093079,118.20525059665871,757.0036350486449,244.24473654720094,32.264671560197435
280,5,4,basic,562,265,47.15302491103203,1039.9245283018868,126.66415094339622,191.10967809199252,133.2394805985713,69.71885564813476
281,10,8,basic,578,401,69.37716262975778,597.8304239401497,117.2718204488778,381.3629476965826,215.17088673315433,56.421550135580326
282,10,4,basic,517,331,64.02321083172147,463.4471299093656,116.60725075528701,379.95245273521783,182.53530191025555,48.04161694343929
283,15,6,basic,543,408,75.13812154696133,398.16911764705884,119.30147058823529,569.3235453275933,236.43257388082475,41.52868361430223
284,20,4,smart,568,467,82.21830985915493,355.26338329764457,132.04282655246251,759.9502070232301,308.3639170725764,40.57685809185527
285,20,4,basic,537,400,74.487895716946,318.0325,124.2325,757.1067008657694,248.12245090744057,32.772454744318956
286,20,8,basic,545,449,82.38532110091742,457.6926503340757,128.01559020044544,758.0021571547287,276.35550874475064,36.45840663331239
287,5,8,basic,616,288,46.75324675324675,958.4131944444445,109.45486111111111,190.83764777041074,136.50260374264198,71.52813154921238
288,10,6,basic,579,377,65.11226252158895,675.3129973474801,125.56498673740053,381.3555372739052,216.9730624127185,56.89521750850559
289,10,6,basic,544,361,66.36029411764706,577.4404432132964,119.97783933518005,380.875971404906,208.12293728654885,54.643231107192925
290,20,6,smart,543,462,85.0828729281768,334.012987012987,129.65367965367966,758.4968228095721,291.8195083735894,38.47339891189676
291,15,4,smart,560,433,77.32142857142857,431.43187066974593,128.2771362586605,570.6762934907017,263.4392520600652,46.16264159996293
292,10,6,smart,563,355,63.05506216696269,734.0338028169014,121.0507042253521,381.00544417686564,201.85275311944943,52.97896820228842
293,20,6,smart,560,440,78.57142857142857,370.4022727272727,128.42727272727274,759.3320643706289,284.79116275038473,37.505483583975
294,15,4,basic,548,403,73.54014598540147,467.14143920595535,130.4863523573201,570.1350534696464,249.13617038848543,43.69774650275019
295,10,8,basic,563,358,63.58792184724689,677.3240223463687,119.04748603351955,380.32792158597397,198.85234383637885,52.28444522483681
296,15,4,smart,562,426,75.80071174377224,492.9107981220657,126.01877934272301,570.46507369745,257.24662895784337,45.09419433700088
297,20,4,basic,575,470,81.73913043478261,389.163829787234,126.73617021276596,758.8321104280972,293.2584844175079,38.64602991721915
298,20,6,smart,564,461,81.73758865248227,451.11930585683297,127.32971800433839,759.2315904133864,283.4445887564612,37.3330868124351
299,5,6,basic,565,270,47.78761061946903,1009.6925925925926,121.91111111111111,191.32815109946986,136.62171929649858,71.40701381966008
300,20,8,smart,592,489,82.60135135135135,324.1431492842536,122.64621676891616,758.9878258080189,299.0535935548764,39.40163246182556
301,10,4,smart,534,398,74.53183520599251,684.8768844221106,127.12311557788945,382.07588993605845,233.2088725288862,61.03731710679635
302,5,4,basic,567,297,52.38095238095239,960.6565656565657,122.82828282828282,191.42862289113467,145.77989336466365,76.15365516554364
303,5,4,basic,542,266,49.07749077490775,1086.3045112781954,127.37218045112782,191.04291450887717,137.17290729311762,71.80214332772002
304,20,8,basic,569,463,81.37082601054482,317.40172786177106,116.99784017278618,757.8913387432125,268.0780578350534,35.371569000854244
305,20,6,basic,545,409,75.04587155963303,397.6723716381418,125.21760391198045,757.862441845875,254.37205383257248,33.564409553403316
306,15,8,smart,529,427,80.71833648393195,429.9578454332553,121.16861826697892,570.0590673585644,252.09225638581478,44.22212904250674
307,20,8,smart,581,480,82.61617900172116,387.99791666666664,123.35833333333333,758.8864410636121,290.34409981049134,38.25922879891773
308,20,6,smart,561,454,80.92691622103388,353.0726872246696,123.28414096916299,758.2814392917003,267.68729349209434,35.301839082615174
309,20,8,smart,574,480,83.62369337979094,375.33958333333334,127.13333333333334,759.1820780988747,310.7564762895728,40.93306273348306
310,10,4,smart,568,394,69.36619718309859,671.4543147208121,123.41878172588832,381.16598435326773,220.08704635841923,57.74047406980597
311,10,4,basic,596,389,65.26845637583892,667.8868894601543,133.75321336760925,382.02688391373056,232.5580448302421,60.87478515851215
312,20,6,basic,543,425,78.26887661141805,316.4164705882353,123.04235294117647,757.7423511362903,257.3981602987673,33.969087238265075
313,20,4,basic,586,481,82.08191126279864,445.987525987526,131.6237006237006,758.6506008242139,288.35966624128224,38.009548259502104
314,10,6,smart,564,392,69.50354609929079,718.280612244898,120.59693877551021,381.1307729963573,213.51623949142046,56.02177903736501
315,15,8,basic,576,456,79.16666666666666,474.9736842105263,119.00877192982456,570.0727677441179,258.3163794571435,45.31287829786162
316,20,8,basic,590,463,78.47457627118644,373.2526997840173,124.54427645788337,758.5445572278754,289.8011799209601,38.20489873133458
317,5,8,smart,550,270,49.09090909090909,901.6925925925926,121.8037037037037,191.25301437515216,136.48239173741172,71.36221731370719
318,20,4,smart,598,503,84.11371237458194,422.506958250497,127.81709741550696,759.5521864672326,304.9114482664388,40.14358113885738
319,15,4,basic,579,438,75.64766839378238,483.50228310502285,123.73059360730593,570.6916947775038,255.73207002985137,44.8108974372851
320,15,8,basic,529,407,76.93761814744802,414.13513513513516,120.26289926289927,568.9162776046905,236.0872520882511,41.49771440575576
321,15,4,smart,506,392,77.4703557312253,528.9260204081633,128.78316326530611,570.7205289844675,243.43942330896644,42.65475148443307
322,5,8,smart,585,284,48.547008547008545,1056.3838028169014,129.1161971830986,192.13683079992742,147.49792773835858,76.76712846999573
323,20,4,smart,566,454,80.21201413427562,367.8942731277533,135.81057268722466,759.7643051200209,312.65328969394346,41.15135280599333
324,15,8,basic,553,420,75.9493670886076,479.49285714285713,119.95,569.7966238085162,246.18635153719796,43.206003905690125
325,5,8,basic,547,290,53.016453382084094,853.0862068965517,112.13448275862069,190.8930678405536,134.42237154750654,70.4176286064955
326,5,8,basic,550,278,50.54545454545455,1040.7517985611512,120.29856115107914,191.48034594650994,143.09561006624818,74.73122599549824
327,5,8,smart,556,281,50.53956834532374,940.6049822064057,125.08540925266904,191.3517941806356,142.7467773639558,74.59913191574427
328,20,8,smart,578,487,84.2560553633218,372.5564681724846,127.35318275154005,759.6389741747645,307.1320057011899,40.43131226051736
329,10,8,smart,562,397,70.64056939501779,731.9219143576826,121.96725440806046,381.4852190610143,222.91652787630767,58.433857129509036
330,10,6,basic,576,361,62.673611111111114,710.7673130193906,121.47368421052632,381.04088213423637,198.90183144778237,52.19960397260247
331,15,4,basic,595,434,72.94117647058823,475.10829493087556,131.64976958525347,570.4841455903404,268.40388699462767,47.04843930708744
332,10,6,smart,554,395,71.29963898916968,664.8759493670887,124.7113924050633,381.52474514622025,219.69452380769178,57.58329613024008
333,20,6,smart,571,457,80.03502626970229,383.60831509846827,124.68052516411379,758.4154296408144,280.1225875268065,36.93524374358689
334,15,6,smart,543,405,74.58563535911603,416.9925925925926,127.1679012345679,570.1600716388912,252.29384732051196,44.249651960949905
335,10,8,smart,603,399,66.16915422885572,679.1027568922306,118.53884711779449,381.6856728802965,222.1027296422034,58.18995718811243
336,5,4,basic,549,272,49.544626593806925,951.2279411764706,127.69117647058823,191.35603937467837,143.49314145202487,74.98751642275731
337,5,4,smart,521,262,50.287907869481764,978.7099236641221,125.91603053435115,191.26504312929472,137.66389588598463,71.97546066634044
338,20,6,smart,543,436,80.29465930018415,316.5550458715596,121.90825688073394,758.8339971207564,270.2283011897604,35.61099031080415
339,20,8,basic,497,401,80.6841046277666,331.9002493765586,119.61845386533666,757.029757245452,240.4046178894345,31.756296973606023
340,10,8,smart,593,401,67.62225969645868,734.279301745636,120.4139650872818,381.52843998406973,223.51746916066412,58.58474643987138
341,5,6,basic,548,281,51.277372262773724,1074.1138790035586,127.82918149466192,191.4033901233168,141.6738373071474,74.01845767510713
342,5,6,basic,546,272,49.81684981684982,978.3272058823529,127.6875,191.37376454280619,141.43994351031517,73.90769777049461
343,5,8,basic,581,277,47.67641996557659,877.8194945848376,113.23826714801444,191.0035052861732,138.35933953407417,72.4381153773988
344,5,6,basic,569,257,45.16695957820738,878.5136186770428,106.61867704280155,190.97712713335585,121.12129405073307,63.42188505441088
345,20,6,basic,585,446,76.23931623931624,343.69730941704034,123.57174887892377,758.0127094384164,269.6452573045309,35.57265649335894
346,20,6,basic,565,436,77.16814159292036,377.4426605504587,124.28899082568807,757.8973421406478,266.6501110136279,35.18287981595058
347,10,6,basic,554,363,65.52346570397111,638.4820936639119,119.17079889807162,380.78254209787804,202.9483300124017,53.29769818077295
348,10,8,basic,567,397,70.01763668430335,735.4937027707808,125.36523929471032,381.26941319178565,222.68690727321007,58.40670653567335
349,20,8,basic,562,434,77.22419928825623,375.241935483871,122.1221198156682,757.953881913187,261.90785607639174,34.55458997258485
350,20,4,basic,548,421,76.82481751824818,358.83610451306413,123.41330166270784,758.2906711463241,263.1379812474592,34.70146623980853
351,20,8,basic,572,483,84.44055944055944,382.13250517598345,122.46997929606626,758.6075197177826,289.3290410977285,38.13949026043992
352,20,8,smart,567,475,83.77425044091711,330.6505263157895,125.00421052631579,759.4434117389083,298.515221946818,39.307105352761376
353,20,4,basic,572,439,76.74825174825175,364.48974943052394,125.31890660592255,758.3998376788453,276.1227690943408,36.40860076387157
354,5,4,smart,571,260,45.53415061295972,965.623076923077,123.73076923076923,191.20087625134363,140.95840456646638,73.72267707663072
355,5,4,basic,542,264,48.708487084870846,1025.5416666666667,116.17045454545455,191.44614556793908,136.9496744849793,71.53430750914728
356,20,6,smart,543,452,83.24125230202579,390.34513274336285,127.68141592920354,759.0277570221305,295.95145535271286,38.990860691815776
357,5,6,smart,537,278,51.76908752327747,967.6079136690647,114.25539568345324,191.13153646724382,133.81364925913783,70.01128737437364
358,15,8,smart,553,438,79.20433996383363,498.175799086758,123.65981735159818,570.6639646081544,265.63646146293803,46.548665753818355
359,10,8,basic,561,363,64.70588235294117,636.1790633608815,120.3030303030303,380.67928805342706,197.6984736173179,51.93307853133622
360,5,4,smart,556,273,49.10071942446043,1038.5274725274726,124.61904761904762,191.77200435156456,142.8052658241609,74.46616950530705
361,15,8,basic,595,446,74.95798319327731,452.67040358744396,119.26008968609865,569.4981294402951,253.68958033176017,44.54616568821521
362,5,6,smart,570,295,51.75438596491229,997.6915254237288,124.37288135593221,191.26045695479075,144.56197871587005,75.58383003865819
363,20,6,smart,504,417,82.73809523809523,339.96163069544366,128.47002398081534,757.9327837983044,264.46923817758056,34.89349502105179
364,5,4,smart,561,289,51.515151515151516,997.273356401384,124.5674740484429,191.381834470396,149.95747033415452,78.35512223462922
365,5,8,smart,577,302,52.33968804159446,936.566225165563,119.43046357615894,191.77328922934336,146.94970917248878,76.62678664115226
366,20,6,smart,502,420,83.66533864541833,324.7595238095238,128.69285714285715,758.1429824334664,269.81099382396457,35.588404835976014
367,5,6,smart,537,272,50.65176908752328,889.6801470588235,125.65073529411765,191.5553841265253,142.57885163473807,74.43218173421977
368,10,6,smart,545,361,66.23853211009174,689.027700831025,127.93074792243767,381.04984513670667,207.72176164495514,54.513015631966
369,15,8,smart,561,430,76.6488413547237,415.47906976744184,120.65116279069767,570.2153755603852,249.20168867269916,43.70308121344388
370,5,4,basic,592,280,47.2972972972973,925.6392857142857,119.68928571428572,191.59599512812966,142.63485709188205,74.4456359834114
371,15,6,smart,544,418,76.83823529411765,414.47846889952154,123.44736842105263,569.1726405987803,238.4396920609466,41.892331966291216
372,5,6,smart,576,275,47.74305555555556,932.6145454545455,127.97454545454545,191.20379301412356,140.4438370174708,73.45243250854165
373,5,8,smart,564,273,48.40425531914894,989.1611721611722,115.06593406593407,191.4300239183261,137.36078770404237,71.7550909164842
374,10,4,smart,559,396,70.84078711985688,660.4015151515151,126.81060606060606,381.92509223840807,229.2477784056327,60.02427781375778
375,15,4,smart,557,433,77.737881508079,460.5773672055427,125.68591224018476,570.7805200543172,268.0594459621242,46.963664060682184
376,15,8,smart,524,406,77.48091603053436,420.14778325123154,122.28325123152709,570.4781825675193,248.0981599004956,43.48950888601806
377,15,8,smart,602,463,76.91029900332225,473.80345572354213,125.38444924406048,570.7547562305293,272.3939987846053,47.725226257174576
378,10,4,basic,505,338,66.93069306930694,639.4112426035502,121.46153846153847,381.06945932320417,195.24901252804085,51.23711904774828
379,10,6,basic,538,346,64.31226765799256,615.7601156069364,117.0,380.62227703906257,193.02460199965137,50.712901909270435
380,5,4,basic,521,254,48.75239923224568,867.2480314960629,115.64566929133858,190.95362827893803,127.85434768735504,66.95570481676846
381,20,8,basic,557,420,75.40394973070018,434.7857142857143,121.42142857142858,757.1729757440903,248.83975495384848,32.86432069360482
382,15,6,smart,529,409,77.31568998109641,442.1491442542787,128.55012224938875,570.4351552412671,248.64767556174183,43.58912196717182
383,20,8,basic,592,473,79.89864864864865,343.9429175475687,120.80126849894292,757.9779721231406,273.3635452434149,36.064840311613224
384,5,8,smart,570,295,51.75438596491229,1051.3627118644067,116.70508474576272,191.1318182490865,144.038788485679,75.36096805083756
385,20,6,basic,543,441,81.21546961325967,335.671201814059,126.85034013605443,758.1871141340981,279.63804812173436,36.882458552609435
386,10,4,smart,541,369,68.20702402957485,631.1734417344173,124.88346883468834,381.23015842962633,211.67969500325785,55.525432687491104
387,5,8,smart,549,280,51.001821493624774,954.575,122.27857142857142,191.74660391621768,148.8415582570362,77.62409097063929
388,15,8,smart,576,474,82.29166666666666,466.23628691983123,124.25527426160338,570.7696022709251,271.3387948371927,47.539111010399836
389,10,8,smart,586,405,69.11262798634812,544.0098765432099,114.98518518518519,381.48293595316244,220.376402620384,57.768351307708635
390,5,8,smart,585,313,53.504273504273506,1075.182108626198,122.07987220447285,191.29355381951393,147.11123659990008,76.9033946322624
391,5,4,basic,555,270,48.64864864864865,899.6148148148148,120.94074074074074,191.387974245359,135.64787553900777,70.87586149227299
392,10,4,smart,590,408,69.15254237288136,726.1936274509804,127.70098039215686,381.76063917328736,228.79827591581727,59.932390204313855
393,15,6,smart,544,410,75.36764705882352,527.5878048780488,126.22682926829269,569.8808368508404,237.59511356285992,41.692069323792275
394,5,4,basic,577,263,45.58058925476603,958.5133079847909,115.82509505703422,191.04584946893644,131.04079671577318,68.59128166355694
395,10,8,smart,562,405,72.06405693950177,566.9629629629629,123.32345679012346,382.11568038135334,230.97826283003081,60.447208709025844
396,10,8,smart,555,389,70.09009009009009,606.3316195372751,120.52442159383034,381.8643531866447,223.421611666971,58.50810891420617
397,20,6,smart,514,413,80.35019455252919,330.51089588377727,129.97094430992735,758.4068150014386,267.0468209549684,35.21155343975408
398,20,6,basic,561,434,77.36185383244207,393.71198156682027,120.98617511520737,757.2038082893563,254.54931029575326,33.61701400720905
399,15,4,basic,559,409,73.16636851520573,576.9682151589242,131.30073349633253,569.8663113181356,248.3418673737068,43.578969741039245
400,15,4,basic,550,421,76.54545454545455,470.8456057007126,124.8289786223278,570.076406049062,256.0033486407937,44.906848612633425
401,20,6,basic,559,440,78.71198568872988,393.5,125.94318181818181,757.989494737101,265.9533895499253,35.086685421961924
402,5,8,smart,531,248,46.70433145009416,898.3346774193549,122.14112903225806,191.30765945801693,128.39550726634732,67.11467153489697
403,20,6,basic,533,445,83.48968105065666,425.02696629213483,131.02247191011236,758.7420893005229,288.30423833730873,37.99765986398536
404,20,8,basic,589,468,79.45670628183362,386.45299145299145,126.45726495726495,758.5192878744015,284.6972210616025,37.53328697275576
405,5,4,smart,542,287,52.952029520295206,1053.658536585366,128.3275261324042,191.58966157423967,147.48339900847455,76.97878778877939
406,15,8,basic,588,430,73.12925170068027,492.0837209302326,118.63255813953488,569.8513831608569,241.66820143817145,42.40898742715759
407,10,4,smart,517,362,70.01934235976789,658.9171270718232,124.70441988950276,381.06761702927207,208.61082866801618,54.74378282109223
408,5,4,smart,537,279,51.955307262569825,1000.7598566308244,125.47670250896057,191.40546209729033,147.6351087732418,77.13212943641061
409,5,8,basic,565,265,46.902654867256636,960.2603773584906,113.19622641509434,191.08733727072968,135.92639497000263,71.1331252564497
410,20,4,basic,555,450,81.08108108108108,435.61333333333334,131.46,758.084502982984,277.4982338439607,36.605184877415894
411,15,4,basic,559,409,73.16636851520573,543.8361858190709,125.44009779951101,547.3450055275183,242.6733717666725,44.336454944498776
412,15,6,smart,526,400,76.04562737642586,401.195,126.7,569.9982608668173,238.103826441348,41.77272858328633
413,5,8,basic,564,280,49.645390070921984,1019.7785714285715,117.47857142857143,191.29458034540974,138.87780981399573,72.5989254704613
414,10,4,basic,610,397,65.08196721311475,650.8740554156171,120.81108312342569,381.0284620047907,218.75159906035617,57.41082907806656
415,15,6,basic,543,397,73.11233885819522,433.8362720403023,126.26196473551637,569.3993287385583,239.3929846068153,42.04307460937198
416,10,6,basic,545,339,62.20183486238532,607.8672566371681,125.1976401179941,380.67652483458835,195.70172923978703,51.40893027875133
417,15,6,smart,562,405,72.06405693950177,449.241975308642,123.92592592592592,569.9638738043228,244.50027722369987,42.89750429123522
418,10,8,smart,595,416,69.91596638655462,661.2524038461538,114.63942307692308,381.89221685352754,225.41209473544077,59.02505596805505
419,15,8,smart,593,442,74.53625632377741,567.4389140271493,121.68778280542986,570.538600843526,260.7160500435965,45.69647867087956
420,5,6,basic,530,261,49.24528301886792,1088.8659003831417,125.4904214559387,191.02378542239563,127.06336475170735,66.51703842573443
421,20,4,basic,571,450,78.80910683012259,454.6911111111111,131.12,758.7891216813344,279.54945512413803,36.84152119955395
422,10,4,basic,540,365,67.5925925925926,607.7561643835617,121.11232876712329,380.9086783037565,203.12557050441453,53.32657985346072
423,20,6,basic,527,412,78.17836812144212,333.81796116504853,128.52184466019418,757.4461373874502,260.4929772671908,34.390957245576786
424,15,6,smart,566,414,73.14487632508833,472.9154589371981,118.96376811594203,569.7049732830568,228.80753533130454,40.16246058249205
425,5,4,smart,561,276,49.19786096256685,935.2789855072464,132.80797101449275,191.4551965310751,142.030629527426,74.18478688530816
426,20,4,basic,549,456,83.06010928961749,362.62280701754383,128.51315789473685,758.7695455597942,280.21958965877803,36.93079029048822
427,15,4,basic,560,427,76.25,521.8548009367681,129.43091334894615,570.055307642052,252.0395639390404,44.213177311086554
428,15,8,basic,533,406,76.17260787992495,431.29802955665025,115.85714285714286,569.5469536302585,233.6775294632229,41.0286681324123
429,5,8,smart,564,283,50.177304964539005,1028.13074204947,131.21201413427562,191.42555928758543,148.26457387703883,77.45286179589826
430,5,8,basic,576,272,47.22222222222222,987.8823529411765,115.03676470588235,191.29963860838512,140.2614500756195,73.32029014584428
431,10,4,smart,547,379,69.28702010968921,716.7150395778364,128.23218997361477,381.8510228547027,224.50263264678847,58.793251611169175
432,5,8,basic,585,294,50.256410256410255,971.0816326530612,125.73809523809524,191.64964870095764,145.850491377467,76.10266565374518
433,15,8,smart,564,461,81.73758865248227,452.75704989154013,121.75921908893709,570.556262393058,265.0322516519451,46.45155423241391
434,10,8,basic,565,377,66.72566371681415,577.8328912466843,116.23872679045093,380.70097995262626,205.9451692719846,54.096306580984376
435,10,4,smart,576,384,66.66666666666666,673.5625,123.5390625,381.9110978901277,221.7254167484856,58.056814262117605
436,20,8,smart,560,485,86.60714285714286,344.37319587628866,122.21855670103093,759.1165965863092,296.74517233857847,39.09085556461542
437,15,8,basic,566,437,77.20848056537103,368.04805491990845,115.63386727688787,569.6173024652576,249.57991824501806,43.81536817172799
438,10,6,smart,535,371,69.34579439252336,756.8382749326146,127.28840970350404,381.1176930541083,211.79413991427066,55.57184664323671
439,20,8,smart,543,449,82.68876611418048,320.20712694877506,127.65033407572383,759.2084277533528,289.0180678454272,38.068342931951975
440,10,8,smart,594,381,64.14141414141415,654.3595800524935,119.21784776902886,381.7104370332501,214.05224667569226,56.07712703361227
441,10,8,basic,562,388,69.03914590747331,618.9201030927835,118.70618556701031,381.3250620560627,221.13415584333862,57.99098403105414
442,20,8,smart,557,454,81.50807899461401,353.0726872246696,127.8920704845815,759.63823875728,298.0253359369741,39.23253474239589
443,15,8,basic,581,442,76.07573149741825,470.9977375565611,119.05882352941177,569.6109567731025,247.9958312601892,43.53775648297005
444,20,4,smart,588,473,80.4421768707483,375.1374207188161,137.63213530655392,760.4680369166241,310.8479913723806,40.87587857508615
445,15,4,basic,556,425,76.43884892086331,519.4376470588236,126.65411764705883,569.9067036123399,253.05788614362078,44.403388228216905
446,10,4,smart,561,363,64.70588235294117,676.404958677686,126.01928374655647,381.2934220601241,216.20979233581326,56.70430692657485
447,15,8,smart,581,456,78.48537005163512,485.609649122807,120.42324561403508,570.4201022081093,264.0180528617111,46.28484372126635
448,10,6,basic,546,360,65.93406593406593,717.6361111111111,118.58055555555555,381.1532580254003,200.7097093009543,52.658531725728785
449,20,8,smart,556,457,82.19424460431655,383.52297592997814,123.96936542669584,758.8502463539767,278.22806640122616,36.66442328219824
450,5,6,basic,532,261,49.06015037593985,935.4367816091954,122.01532567049809,191.22071120843725,132.37520775766873,69.22639651380396
451,10,8,basic,555,383,69.009009009009,571.3446475195823,119.51958224543081,381.3668694439128,216.3813303002904,56.73836602948893
452,15,8,basic,564,430,76.24113475177306,422.2348837209302,120.31162790697674,569.7948815489162,249.71775877939967,43.82590417459931
453,15,4,basic,532,385,72.36842105263158,461.94545454545454,122.98961038961039,569.1660968401305,227.76340223869542,40.01703606437234
454,20,6,smart,555,456,82.16216216216216,376.6030701754386,127.53070175438596,758.8680493155637,279.3012786930283,36.80498591882145
455,15,4,smart,559,438,78.35420393559929,571.5091324200913,130.3082191780822,570.6568111367334,265.9526875165628,46.60466366585408
456,15,8,smart,573,436,76.09075043630017,398.64220183486236,123.0,570.4497393369903,261.5268346374489,45.84572778338203
457,5,4,basic,556,281,50.53956834532374,908.4199288256227,121.18505338078292,191.28968959946093,139.467134189508,72.90886115270324
458,10,6,smart,565,398,70.4424778761062,822.1331658291457,124.36180904522612,381.20810001375264,215.0011507679922,56.399942907885666
459,5,8,basic,567,294,51.85185185185185,1044.4761904761904,116.97278911564626,191.3401551611311,143.0113874324363,74.74196271660998
460,10,6,basic,559,356,63.68515205724508,672.0926966292135,124.49719101123596,380.7553382447741,197.6377632136115,51.906760946462995
461,15,8,basic,547,407,74.40585009140767,373.38329238329237,120.17444717444718,569.5503995411065,237.84122705986957,41.7594697943327
462,15,6,smart,545,435,79.81651376146789,432.14022988505747,126.62298850574713,569.7371622320193,256.2550734492321,44.97777052936473
463,5,4,basic,571,279,48.86164623467601,954.1397849462365,122.68458781362007,191.48763808191882,139.72382587205726,72.96754363447896
464,10,4,basic,578,377,65.22491349480968,688.5411140583554,123.16710875331565,381.3179820566369,216.60151348347492,56.80338291817123
465,20,4,smart,564,472,83.68794326241135,358.74152542372883,128.78177966101694,759.3376770486424,305.54686699077126,40.238602169505974
466,10,4,smart,610,417,68.36065573770492,684.853717026379,129.16786570743406,381.5742883350511,233.94337098720968,61.3100458125705
467,15,8,basic,564,441,78.19148936170212,470.60770975056687,117.20861678004535,569.7079451946388,247.33321601047012,43.414036629938444
468,20,6,basic,581,452,77.79690189328744,443.83185840707966,124.08849557522124,758.1504900638095,272.84903868871396,35.98877033842579
469,10,8,basic,562,392,69.7508896797153,569.2219387755102,115.3545918367347,381.81450825475645,219.65287848316154,57.528688338004045
470,20,8,basic,571,457,80.03502626970229,377.96498905908095,123.58862144420131,758.1119057436409,281.4237537546984,37.121663915651936
471,10,6,basic,546,358,65.56776556776556,604.6396648044692,119.73463687150839,380.9168729803406,193.71264186455247,50.85430853953012
472,5,4,basic,563,260,46.181172291296626,1035.0692307692307,126.68846153846154,191.5369137713981,142.9641941604678,74.6405438750556
473,10,8,basic,603,408,67.66169154228857,567.3480392156863,116.99019607843137,380.9412864584972,217.6553437211511,57.13619170676692
474,5,4,smart,556,279,50.17985611510791,1079.032258064516,138.08960573476702,191.65779740071326,147.24521260327606,76.82714431671127
475,20,6,smart,585,460,78.63247863247864,357.1521739130435,125.82608695652173,758.3457506814402,286.20531654882524,37.74074243729125
476,5,8,smart,576,285,49.47916666666667,920.7929824561404,116.68771929824561,191.64042356239148,144.70135349892763,75.5066967652667
477,20,4,smart,548,449,81.93430656934306,349.9576837416481,129.89086859688197,759.0125865120422,284.17817006907165,37.44050824966958
478,15,6,smart,565,441,78.05309734513274,461.77097505668934,127.4421768707483,570.3723573507535,262.33410745957923,45.993481990968135
479,20,6,smart,533,445,83.48968105065666,363.62696629213485,131.5752808988764,759.0293024975748,295.64332217823,38.95018561278464
480,5,4,smart,549,263,47.90528233151184,1032.3307984790874,129.52471482889734,191.42077409649318,142.21125671805808,74.29248857094836
481,20,8,smart,534,449,84.08239700374533,289.4053452115813,128.97550111358575,758.6430633680076,282.61770366213506,37.25305315617722
482,20,8,basic,588,457,77.72108843537416,377.21663019693653,123.5601750547046,758.6005241719058,277.0628777012274,36.522895631224536
483,5,4,smart,577,273,47.313691507798964,945.7912087912088,122.60805860805861,191.29739662458675,137.77669439367688,72.02225269382937
484,5,4,basic,553,262,47.377938517179025,1034.854961832061,117.06106870229007,191.34484296187787,132.11487832988746,69.04543455932546
485,15,6,smart,553,414,74.86437613019892,491.1062801932367,128.82850241545893,570.8890647325593,258.95091994171463,45.35923631030202
486,5,4,basic,589,271,46.01018675721562,932.7675276752767,126.09594095940959,191.43178059706156,141.7084286853848,74.02555011681274
487,10,6,smart,570,368,64.56140350877193,632.0271739130435,116.85326086956522,380.9735482112817,201.3920160044331,52.862466948163124
488,20,4,basic,548,456,83.21167883211679,373.390350877193,131.00877192982455,759.0334683442745,290.91982390872784,38.32766749315136
489,15,4,basic,562,419,74.55516014234875,520.0119331742244,123.87112171837708,570.1490111241178,246.90072705300284,43.304596208315466
490,20,8,basic,556,422,75.89928057553958,328.39336492890993,117.26540284360189,746.6087421961998,251.1793367640224,33.64269965888177
491,15,6,smart,556,437,78.59712230215827,473.3432494279176,121.81922196796339,570.3202135510992,251.67085881213472,44.12799210554119
492,15,8,basic,602,442,73.421926910299,510.87330316742083,122.789592760181,569.7539406047104,257.0689094695145,45.11928591431478
493,20,4,smart,560,449,80.17857142857143,365.0489977728285,136.1358574610245,759.3704684786268,293.7886852060928,38.68845279099259
494,15,8,smart,564,435,77.12765957446808,448.5816091954023,122.34482758620689,570.1267581663725,260.4003833434337,45.674120643087676
495,10,6,smart,579,384,66.32124352331607,678.9869791666666,131.984375,381.75632514371716,223.6607835435119,58.58731573322638
496,20,6,basic,525,407,77.52380952380953,362.10565110565113,124.44226044226045,757.523335424417,243.8711378056293,32.19321787215912
497,10,6,basic,522,335,64.17624521072797,560.8,124.08955223880596,380.8120396956089,194.27170351430155,51.01511592689848
498,15,8,basic,524,396,75.57251908396947,390.7171717171717,120.4949494949495,569.5924028821264,236.7815755034768,41.570353520406286
499,10,6,smart,567,375,66.13756613756614,640.9653333333333,118.032,380.60464954003805,194.34793936879723,51.06294408217749
500,20,4,smart,555,461,83.06306306306305,372.53145336225595,134.25596529284164,759.4607719229247,293.6221673781869,38.661926755577795
501,5,8,smart,502,260,51.79282868525896,1064.6307692307691,118.08076923076923,191.23404315853776,135.0059605255257,70.59724215191247
502,5,6,basic,548,268,48.9051094890511,906.8097014925373,121.88805970149254,191.26021833957304,132.73460396475076,69.40000650270464
503,20,8,smart,572,475,83.04195804195804,367.88631578947366,126.23789473684211,758.9137410569062,291.6387531304859,38.428445467904325
504,5,4,smart,563,260,46.181172291296626,1007.9576923076924,130.5730769230769,191.59024404919344,142.05768025127048,74.14661480090562
505,10,6,smart,531,361,67.984934086629,605.4265927977839,124.7645429362881,381.30560004692387,214.6310730960558,56.28846601509212
506,10,6,basic,521,358,68.71401151631477,689.9357541899441,120.05307262569832,381.2691016662683,204.78460628256983,53.711304007483264
507,5,6,smart,557,290,52.06463195691203,1040.8896551724138,123.07241379310345,191.44489626157448,142.6799366592566,74.52793960321121
508,5,8,basic,549,289,52.64116575591985,993.9480968858131,125.78892733564014,191.4746606225598,147.7704927982936,77.17496002752182
509,20,8,smart,545,462,84.77064220183486,395.8333333333333,129.97186147186147,759.1962508001989,292.8210308304013,38.569873141729246
510,15,6,smart,543,438,80.66298342541437,467.18036529680364,128.6917808219178,570.6380073340891,273.0285333228255,47.84618791839019
511,20,8,basic,581,452,77.79690189328744,355.37831858407077,120.16150442477876,757.7394677386402,271.88075627486916,35.88050614365601
512,5,8,smart,588,298,50.68027210884354,980.6812080536913,122.55704697986577,191.54071350989992,145.96539293578445,76.20593567865149
513,15,4,basic,539,388,71.98515769944342,461.7474226804124,124.86340206185567,569.436488229549,229.51918327373494,40.306370950575975
514,10,8,basic,595,399,67.05882352941175,689.2907268170426,112.30075187969925,380.85145456118477,208.6191562203453,54.77704068656251
515,10,4,basic,547,366,66.91042047531994,682.0737704918033,128.04918032786884,381.1587922453486,212.95262982667043,55.86979341922006
516,20,4,smart,548,473,86.3138686131387,331.74207188160676,133.6723044397463,759.7395902346318,314.2977785129947,41.369145764265035
517,10,8,smart,574,404,70.38327526132404,656.6806930693069,115.2450495049505,381.0489104545582,212.89480565123273,55.870729402497886
518,10,8,smart,549,401,73.04189435336977,619.2443890274315,121.15461346633417,381.04171111066876,217.942596283486,57.19651941731579
519,5,8,smart,565,288,50.97345132743363,1032.5208333333333,123.71527777777777,191.00117965628115,139.4669590740443,73.01889932042515
520,15,8,basic,563,451,80.10657193605684,417.20177383592016,124.57649667405765,570.3931427064148,261.85546735349925,45.90789189909284
521,5,6,smart,547,260,47.53199268738574,947.1807692307692,120.80384615384615,191.31130130360344,133.19893504350418,69.62418536483777
522,5,8,smart,567,283,49.91181657848324,912.5123674911661,120.60777385159011,191.264711612737,141.42501270327176,73.94203118326496
523,5,6,smart,514,262,50.97276264591439,1044.7213740458014,131.95419847328245,191.2375450091862,140.7038860532054,73.575450911821
524,5,6,smart,530,260,49.056603773584904,990.0346153846153,125.94615384615385,191.33677642799037,140.1462821308218,73.2458677036225
525,15,4,smart,556,445,80.03597122302159,503.57078651685396,131.4426966292135,570.9576199452391,266.7295945179601,46.716180886340084
526,15,6,basic,543,406,74.76979742173113,495.10591133004925,121.38669950738917,569.9544573296629,240.33197422554116,42.16687335888886
527,10,4,basic,550,363,66.0,622.9504132231405,125.46280991735537,381.1736841188467,208.16433803281765,54.61141382675142
528,15,8,basic,558,401,71.86379928315412,375.1620947630923,119.24189526184539,569.4668393032332,236.24826935873224,41.485869422667704
529,10,4,smart,596,388,65.1006711409396,652.979381443299,132.08247422680412,381.7594746243597,232.8694921914632,60.99900792785825
530,15,4,smart,566,440,77.73851590106007,417.4227272727273,124.04772727272727,571.2351441380266,272.9656226491215,47.78515913285007
531,20,8,basic,560,439,78.39285714285714,392.71981776765375,124.35763097949886,757.4137456632778,257.9745399996696,34.05992318950559
532,10,4,basic,534,369,69.10112359550563,660.0623306233063,124.64769647696477,381.0532246953478,212.73568300864792,55.82833820097709
533,10,6,smart,522,353,67.62452107279694,600.6062322946176,125.53257790368272,381.46586345635933,207.620774995536,54.42709161819623
534,20,6,basic,564,431,76.41843971631207,442.03480278422273,122.45475638051045,757.9340752671848,257.54012691788404,33.9792252811825
535,15,4,smart,548,412,75.18248175182481,423.69174757281553,129.98058252427185,571.0250078015443,266.56653587359017,46.682112382411354
536,10,6,smart,528,372,70.45454545454545,623.1129032258065,133.86827956989248,381.06657280576195,205.00037831041507,53.796473619035666
537,5,4,smart,592,290,48.986486486486484,1095.8620689655172,122.22413793103448,191.7289593573235,148.32722933574107,77.3629762728253
538,20,8,smart,572,505,88.2867132867133,338.5128712871287,125.35841584158416,759.6133593332207,312.04243996684824,41.079114280027305
539,20,6,smart,543,443,81.58379373848987,326.9006772009029,127.99097065462755,758.0831830967006,282.13814459219776,37.21730687121818
540,20,6,basic,514,389,75.68093385214007,329.5655526992288,126.69408740359897,757.0989812106901,246.2191617505918,32.52139652293
541,10,6,basic,536,347,64.73880597014924,656.2363112391931,122.05475504322767,381.3278984177592,203.18123259729225,53.28255116930875
542,15,6,basic,566,421,74.38162544169612,526.0973871733967,123.4916864608076,570.4090117088327,249.78868055811012,43.79115256433144
543,10,4,smart,543,380,69.9815837937385,601.5605263157895,125.59473684210526,381.9603895298985,228.3310129939395,59.778715084818124
544,15,4,smart,552,429,77.71739130434783,508.1025641025641,125.23776223776224,570.7721615909136,253.74111046967974,44.4557614306954
545,5,8,smart,547,289,52.833638025594155,814.6574394463668,119.16608996539793,191.17893649681557,140.6346488707071,73.56179056527476
546,5,4,smart,562,275,48.93238434163701,995.2836363636363,124.09454545454545,191.3273047085547,138.5282941371843,72.40382879390992
547,10,6,basic,570,329,57.719298245614034,545.8480243161094,113.93313069908815,380.1095340443665,176.1087658412287,46.33105725274263
548,15,4,basic,552,406,73.55072463768117,476.8497536945813,122.42364532019704,570.0756273381088,240.80070499362728,42.240133316699335
549,20,6,smart,541,434,80.22181146025879,371.05760368663596,128.78801843317973,758.8597286577968,276.4354404577917,36.42773888485635
550,5,6,smart,560,283,50.535714285714285,965.0106007067138,123.21201413427562,191.69551375958187,140.98065552465087,73.54405575785363
551,10,8,basic,565,381,67.43362831858407,583.2782152230972,116.37795275590551,381.15148075095635,208.32625912700746,54.657077211547666
552,5,6,basic,557,268,48.114901256732495,980.5149253731344,115.8544776119403,191.45591364497227,135.87337978566956,70.96849462567523
553,5,6,basic,537,271,50.46554934823091,1008.5830258302583,119.05535055350553,191.01840795750815,127.42410537313232,66.70776221811967
554,10,8,basic,586,407,69.45392491467577,623.5528255528255,118.00982800982801,381.20585512573865,213.7157944832634,56.06309336795743
555,5,6,basic,524,260,49.61832061068702,1029.2807692307692,128.58076923076922,191.55829419808927,135.50504389462057,70.73828072121776
556,5,8,basic,588,288,48.97959183673469,776.9444444444445,113.94097222222223,191.27509995083167,138.60238781433463,72.46232669592808
557,10,8,smart,565,396,70.08849557522124,691.0530303030303,122.06060606060606,381.00748945297886,213.1616976556426,55.94685237334408
558,10,8,smart,588,421,71.5986394557823,668.0641330166271,118.71733966745843,381.2760592037118,218.12548204295157,57.20933081885674
559,5,6,smart,545,290,53.21100917431193,1022.1586206896552,137.33448275862068,191.47125586788067,149.05810578557222,77.84881605854487
560,20,8,smart,562,466,82.91814946619218,349.55150214592277,128.8154506437768,759.007218071069,287.9294076231958,37.935002562286016
561,10,4,smart,561,373,66.48841354723707,765.3324396782842,120.70777479892762,381.1233374148667,205.0281972314584,53.7957603494319
562,15,6,basic,538,412,76.57992565055763,505.1043689320388,127.47815533980582,570.1934082267671,246.82873406072935,43.28859830707918
563,20,8,basic,578,470,81.31487889273356,373.5659574468085,122.42127659574469,758.1892311164902,277.7400515236391,36.63202273588695
564,5,6,smart,565,273,48.31858407079646,1083.838827838828,125.82783882783883,191.20506120394967,136.4666365014223,71.37187459481503
565,5,4,basic,564,298,52.836879432624116,1044.3154362416108,127.30201342281879,191.34507541248468,146.55689871198436,76.59298176138061
566,15,4,basic,588,452,76.87074829931973,610.0818584070796,127.79424778761062,570.3429542629959,265.50867901087645,46.55246058995679
567,15,4,smart,595,462,77.64705882352942,530.004329004329,132.66666666666666,571.8967661906802,291.058235087105,50.89349202405897
568,15,6,smart,563,421,74.77797513321492,549.4465558194775,126.87410926365796,569.9445582226872,242.26882188261592,42.50743662473172
569,15,6,smart,553,406,73.41772151898735,489.192118226601,124.16748768472907,570.2121446447863,241.09732404735018,42.28203946752866
570,15,8,smart,566,449,79.3286219081272,418.53229398663694,119.51224944320712,570.292431503281,263.98946724926424,46.29019300736511
571,15,8,basic,567,420,74.07407407407408,438.25714285714287,121.73809523809524,569.1578308143891,240.77342531508492,42.30345473250719
572,10,4,smart,505,345,68.31683168316832,627.7362318840579,122.47536231884058,381.4019616938906,201.74806010616413,52.89644007339561
573,15,6,basic,586,427,72.86689419795222,422.6393442622951,120.81498829039812,569.7603749789605,245.68296488590502,43.12040213308575
574,15,8,basic,585,441,75.38461538461539,526.3922902494331,123.63038548752834,563.1253523553506,256.2593059649549,45.5066185340643
575,10,4,smart,558,399,71.50537634408603,665.2080200501254,127.94736842105263,381.8802883091086,228.98763155045108,59.96319751521181
576,20,4,basic,556,466,83.81294964028777,371.45064377682405,130.87339055793993,758.8974793355436,291.3252750638887,38.38796187845557
577,5,8,basic,595,290,48.739495798319325,904.3448275862069,118.89310344827587,191.39892356014388,145.28392107639004,75.90634177769398
578,20,6,smart,544,438,80.51470588235294,307.0228310502283,124.23972602739725,758.0630970941878,271.31144642707153,35.790087588627415
579,10,6,basic,543,383,70.5340699815838,643.7075718015666,126.83289817232377,381.49649109915555,223.95681488243974,58.7048164551088
580,20,8,smart,560,454,81.07142857142857,357.568281938326,127.068281938326,758.293560314624,278.6526500791611,36.74733172777376
581,10,8,basic,584,393,67.2945205479452,711.2391857506361,120.83715012722647,380.89668135212594,212.2998834693657,55.736868779148466
582,15,4,basic,550,392,71.27272727272728,460.734693877551,123.43622448979592,569.5963269027704,233.7990228887202,41.046441461450904
583,15,4,smart,559,435,77.8175313059034,432.52183908045976,129.42528735632183,570.9115724928838,270.58086851449923,47.39453210468455
584,10,8,smart,563,382,67.85079928952042,728.4947643979058,122.86387434554973,380.6584478109315,210.3060405961131,55.24796357614783
585,5,8,basic,561,300,53.475935828877006,974.3966666666666,115.22,191.33207192810923,142.74724481757622,74.60706580923444
586,5,8,smart,581,286,49.225473321858864,903.2237762237762,115.38111888111888,191.30996016257106,142.05910975101534,74.2559925423102
587,5,4,smart,567,289,50.970017636684304,1037.1314878892733,126.17301038062284,191.4509358325193,143.00476331606652,74.69525426669456
588,20,8,smart,546,451,82.6007326007326,324.37250554323725,125.67849223946784,758.3767564984115,278.96114753727653,36.783979090458956
589,5,6,smart,569,276,48.50615114235501,934.2355072463768,112.98550724637681,190.81893275449394,124.80475791878598,65.40480869335893
590,15,8,smart,560,450,80.35714285714286,510.1088888888889,126.94,570.8622082040533,272.33552720913195,47.706000378954194
591,20,6,smart,541,431,79.66728280961183,422.6009280742459,126.415313225058,758.2368795478226,267.2702491290652,35.248911829302315
592,5,8,basic,556,277,49.82014388489209,989.5415162454874,121.18772563176896,191.446593322795,142.40357146617123,74.3829226702754
593,20,8,basic,543,424,78.08471454880295,372.8938679245283,123.99292452830188,757.9887615806442,260.8519465326225,34.41369578998301
594,20,6,basic,560,419,74.82142857142857,420.7303102625298,124.85441527446301,758.041403526629,264.6152708663714,34.90775960723309
595,20,8,smart,588,485,82.48299319727892,357.2618556701031,128.58969072164948,759.5939536327543,306.24713500436417,40.31721599938214
596,15,6,basic,562,400,71.17437722419929,521.215,122.8975,569.571092904073,239.75108736108436,42.093268135969666
597,10,4,smart,540,390,72.22222222222221,713.2923076923076,123.64871794871794,381.5840455371123,219.69868877087322,57.575438842477936
598,20,4,smart,544,452,83.08823529411765,358.6592920353982,132.98893805309734,759.2174586835737,293.7942303530124,38.696980291052526
599,10,4,smart,553,385,69.62025316455697,687.1558441558442,125.26233766233766,381.6423887377414,215.1631463441361,56.378209730783546
600,15,8,smart,578,443,76.64359861591696,510.0180586907449,119.9255079006772,569.6409818012346,242.95199228697967,42.65001993338905
601,20,4,smart,574,475,82.75261324041811,402.90526315789475,128.31157894736842,759.3399652716296,301.9036812381967,39.75869769085581
602,10,4,basic,565,370,65.48672566371681,614.3405405405406,124.4027027027027,380.9973213236234,205.09689312759184,53.83158401614594
603,10,6,smart,583,402,68.95368782161235,703.2835820895523,122.61940298507463,381.26311206726837,223.30473735802008,58.56972004116181
604,20,4,smart,537,455,84.72998137802608,414.91648351648354,130.55824175824176,758.8960675980729,288.1138655400073,37.964864734626396
605,15,4,smart,539,397,73.65491651205936,442.7052896725441,128.53148614609572,570.0588426413703,248.70791957156192,43.62846446152341
606,10,4,smart,553,390,70.5244122965642,649.4846153846154,120.82564102564102,381.65943342019244,221.13449133700854,57.940266104610586
607,15,6,smart,566,451,79.68197879858657,580.9512195121952,127.69179600886918,571.173375990573,271.000001259506,47.4461893097725
608,15,4,smart,559,428,76.56529516994634,495.94158878504675,130.72663551401868,570.5215981321395,269.7237583468965,47.27669543623926
609,10,6,basic,544,369,67.83088235294117,667.0460704607046,123.14634146341463,381.2872052530231,211.05743870106863,55.353926329893596
610,10,6,smart,568,390,68.66197183098592,705.0512820512821,122.17948717948718,381.5884255321143,223.54022442902226,58.581500242650634
611,5,8,smart,596,297,49.832214765100666,1119.6262626262626,119.64309764309765,191.41150796858048,143.6332046340073,75.0389598610676
612,20,4,basic,557,431,77.37881508078995,355.76102088167056,132.41531322505801,758.7180835219826,285.49862893488194,37.629079250304976
613,10,4,smart,575,373,64.8695652173913,557.798927613941,123.15013404825737,381.540590029227,212.47051234487535,55.6875252325315
614,15,6,smart,562,420,74.73309608540926,439.8809523809524,120.62142857142857,569.8503807353756,246.7729931942979,43.304874671812
615,10,4,basic,553,390,70.5244122965642,659.9641025641025,121.1974358974359,381.24861114826587,215.57263542166714,56.54384806082137
616,5,6,basic,537,261,48.60335195530726,960.7394636015325,128.11877394636016,191.56229721626448,136.56309761312627,71.2891313153095
617,10,4,basic,574,369,64.28571428571429,566.4444444444445,123.69647696476964,381.14705681113657,213.56646811605884,56.03256388829572
618,15,6,smart,543,420,77.34806629834254,421.16190476190474,123.42142857142858,569.6677265737233,249.0008346012961,43.709836977937314
619,20,6,basic,504,402,79.76190476190477,404.69900497512435,125.18656716417911,757.1655189902633,243.33912272998143,32.13816749797221
620,5,6,smart,548,276,50.36496350364964,1013.786231884058,128.7463768115942,191.24834032003056,138.2363200592554,72.28105604887024
621,20,4,basic,560,439,78.39285714285714,449.28018223234625,134.2756264236902,757.8521152866045,275.64207525669065,36.37148590031293
622,20,6,basic,542,409,75.46125461254613,445.6112469437653,124.88264058679707,757.3394006793469,242.40620546945777,32.00760521003068
623,15,6,basic,556,413,74.28057553956835,488.0314769975787,118.11138014527845,569.7672184161208,238.50659955356363,41.8603583787395
624,5,8,basic,502,258,51.39442231075697,1033.2403100775193,118.06589147286822,191.0792258657487,132.60347664765288,69.3971184187335
625,10,6,basic,512,349,68.1640625,684.3008595988539,115.7134670487106,380.5682687811552,188.95995730783955,49.65205268243224
626,20,4,basic,588,455,77.38095238095238,391.43736263736264,131.87252747252748,758.9039267508539,284.7734817165816,37.524312587997976
627,15,4,smart,550,447,81.27272727272728,502.6308724832215,129.7785234899329,571.4743493775384,284.45915728350656,49.77636486980479
628,15,8,smart,585,461,78.80341880341881,461.35357917570497,127.20824295010846,570.6504381941824,271.7587787792476,47.62263560845157
629,5,8,basic,570,287,50.35087719298246,985.1149825783972,118.6411149825784,191.20394191334813,144.6599610980379,75.65741566332167
630,20,4,smart,532,464,87.21804511278195,310.69181034482756,131.9418103448276,758.6983665538318,301.21218508448067,39.70117748541493
631,15,4,basic,566,428,75.61837455830388,450.27570093457945,122.77803738317758,570.2553058037071,262.32316729981113,46.00100422215236
632,15,4,basic,572,429,75.0,490.5081585081585,126.92307692307692,570.7294728910384,261.0688114906758,45.7430050297259
633,15,8,basic,572,450,78.67132867132867,435.62444444444446,119.78666666666666,569.8375726327896,254.81334891242727,44.71683882393486
634,10,6,smart,565,389,68.84955752212389,593.388174807198,121.93573264781492,381.29915080936047,215.89993063457632,56.62219026092733
635,15,8,smart,547,419,76.59963436928702,440.16229116945107,124.66587112171838,570.2309802372216,244.9843088593603,42.962293763387684
636,5,8,basic,565,274,48.49557522123894,939.7810218978102,109.97810218978103,191.06764894422756,134.8404648294386,70.57210656776249
637,10,8,basic,549,345,62.841530054644814,474.41449275362316,112.0,380.84979668624493,194.23913120189687,51.00150581461822
638,20,6,basic,543,446,82.13627992633518,368.10762331838566,127.77802690582959,757.8626423050201,272.74827895509134,35.98914417070807
639,15,6,smart,532,424,79.69924812030075,503.79952830188677,128.56132075471697,570.1898186933566,254.9362354288997,44.7107659714286
640,20,6,smart,581,486,83.64888123924268,377.8065843621399,126.2448559670782,759.2153581103092,299.6584015381858,39.469486271199386
641,5,8,smart,550,279,50.727272727272734,1039.562724014337,127.88172043010752,191.63117823795173,146.8000489922419,76.60551395762842
642,20,4,smart,544,447,82.16911764705883,392.9440715883669,134.94407158836688,759.2968836797081,293.88281772699077,38.70459948456189
643,15,6,smart,538,408,75.8364312267658,501.55392156862746,126.24754901960785,570.3081196819224,251.11763999271923,44.031924380241136
644,20,8,basic,581,470,80.89500860585198,332.84893617021277,121.72127659574468,757.5953671319767,274.8473396707507,36.27890977095575
645,15,4,smart,560,448,80.0,494.24776785714283,132.43526785714286,570.9754963176808,271.7004440022476,47.58530720748797
